date,"Caledonia Energy Partners, L.L.C.",BayGas Storage,East Cheyenne Gas Storage,Freebird Gas Storage L.L.C.
2020-10-08 22:05:00,-34420,-117096,3607,-5649
2020-10-07 22:05:00,-35020,-160748,-2384,-10649
2020-10-06 22:05:00,-12420,-204089,6195,-5649
2020-10-05 22:05:00,-7420,-101314,9855,-3149
2020-10-04 22:05:00,-2420,73641,16584,-649
2020-10-03 22:05:00,-2420,92160,16584,-649
2020-10-02 22:05:00,-14420,154897,3289,-56727
2020-10-01 22:05:00,-14420,4195,-6635,-14571
2020-09-30 22:05:00,-1000,190375,1318,-2000
2020-09-29 22:05:00,-1000,70885,2268,-2000
2020-09-28 22:05:00,-1000,-17584,33095,-2000
2020-09-27 22:05:00,-1000,-82594,19320,-2000
2020-09-26 22:05:00,-1000,-24651,19320,-2000
2020-09-25 22:05:00,-1000,-24021,19989,-2000
2020-09-24 22:05:00,-1000,71614,18699,-2000
2020-09-23 22:05:00,-1000,80380,11272,-2000
2020-09-22 22:05:00,-1000,155502,8002,-2000
2020-09-21 22:05:00,0,67759,28466,-16447
2020-09-20 22:05:00,0,-14346,35090,-16447
2020-09-19 22:05:00,0,-44183,36390,-16447
2020-09-18 22:05:00,-1000,68654,21175,-2000
2020-09-17 22:05:00,-1000,-10765,21321,-2000
2020-09-16 22:05:00,-1000,17715,26352,-2000
2020-09-15 22:05:00,-6750,672,17523,-7750
2020-09-14 22:05:00,-1000,-70313,38334,-2000
2020-09-13 22:05:00,-1000,69350,43322,-2000
2020-09-12 22:05:00,-1000,61827,43322,-2000
2020-09-11 22:05:00,-1000,32713,38146,-2000
2020-09-10 22:05:00,-1000,38848,25568,-4300
2020-09-09 22:05:00,-1000,-18936,47134,-2000
2020-09-08 22:05:00,-1000,321722,58828,-2000
2020-09-07 22:05:00,-1000,288556,58828,-2000
2020-09-06 22:05:00,-1000,167938,58828,-2000
2020-09-05 22:05:00,-1000,105912,58828,-2000
2020-09-04 22:05:00,-3000,-15973,-30344,-4000
2020-09-03 22:05:00,-28000,-66069,3717,-22000
2020-09-02 22:05:00,-13367,-91280,49590,-17833
2020-09-01 22:05:00,-1000,-37249,57306,-2000
2020-08-31 22:05:00,0,47507,63205,0
2020-08-30 22:05:00,0,-94381,63154,0
2020-08-29 22:05:00,0,-144394,63190,0
2020-08-28 22:05:00,-20100,-129036,23487,-36600
2020-08-27 22:05:00,-39945,-182550,-10377,-10000
2020-08-26 22:05:00,-59135,-184215,-79367,-9000
2020-08-25 22:05:00,-110000,-309949,-68028,-25000
2020-08-24 22:05:00,0,-223816,-21835,0
2020-08-23 22:05:00,0,-187289,-24488,0
2020-08-22 22:05:00,0,86023,-16835,0
2020-08-21 22:05:00,0,16424,5523,0
2020-08-20 22:05:00,0,59124,-28337,0
2020-08-19 22:05:00,-15000,66524,-718,-7500
2020-08-18 22:05:00,-15000,66126,-16402,-16800
2020-08-17 22:05:00,0,99552,-6117,0
2020-08-16 22:05:00,0,59552,3813,0
2020-08-15 22:05:00,0,84509,3813,0
2020-08-14 22:05:00,0,108122,-62529,0
2020-08-13 22:05:00,-20000,6596,-8976,-10000
2020-08-12 22:05:00,-46000,41536,-7265,-31000
2020-08-11 22:05:00,-131367,16004,-33141,-45000
2020-08-10 22:05:00,-40000,-125985,72551,-20000
2020-08-09 22:05:00,0,-20985,80436,0
2020-08-08 22:05:00,0,-985,80443,0
2020-08-07 22:05:00,-5000,-51875,53651,-2500
2020-08-06 22:05:00,-26500,-14676,63441,-9000
2020-08-05 22:05:00,-25700,-976,73507,-13200
2020-08-04 22:05:00,-30000,16505,30862,-15000
2020-08-03 22:05:00,0,-67619,14433,0
2020-08-02 22:05:00,0,12702,26745,0
2020-08-01 22:05:00,1000,-73125,26745,0
2020-07-31 22:05:00,-18400,-116336,12032,-12150
2020-07-30 22:05:00,-38800,-102900,-21164,-25000
2020-07-29 22:05:00,-30000,80896,-13161,-15000
2020-07-28 22:05:00,-30000,-17447,9221,-15000
2020-07-27 22:05:00,-40000,75092,62269,-20000
2020-07-26 22:05:00,0,-4908,67468,0
2020-07-25 22:05:00,0,25092,63235,0
2020-07-24 22:05:00,-10000,-19753,71652,-5000
2020-07-23 22:05:00,-30000,123259,42655,-20000
2020-07-22 22:05:00,-20000,214261,860,-12500
2020-07-21 22:05:00,-128046,44944,-36573,-84433
2020-07-20 22:05:00,-96367,28364,13249,-47033
2020-07-19 22:05:00,0,-18938,13249,-23700
2020-07-18 22:05:00,-10000,176062,13249,-28700
2020-07-17 22:05:00,-50000,37175,869,-25000
2020-07-16 22:05:00,-30100,-2463,-1749,-15000
2020-07-15 22:05:00,-30000,-81688,10852,-15000
2020-07-14 22:05:00,-32000,-136905,3731,-17000
2020-07-13 22:05:00,-10000,-181318,25925,-5000
2020-07-12 22:05:00,0,1069,35276,0
2020-07-11 22:05:00,-5000,110230,35276,-2500
2020-07-10 22:05:00,-45767,-98425,32262,-28900
2020-07-09 22:05:00,-78650,-130170,12855,-31150
2020-07-08 22:05:00,-30000,-78773,60817,-15000
2020-07-07 22:05:00,-32000,-4437,20622,-16000
2020-07-06 22:05:00,-10000,125008,77111,-5000
2020-07-05 22:05:00,0,172381,81235,0
2020-07-04 22:05:00,-5000,66928,81235,-2500
2020-07-03 22:05:00,-5000,59589,81235,-2500
2020-07-02 22:05:00,-10000,31428,80691,-5000
2020-07-01 22:05:00,-10000,-61301,84108,-5000
2020-06-30 22:05:00,-35200,-100536,93022,-25990
2020-06-29 22:05:00,-10000,-26510,92938,-20989
2020-06-28 22:05:00,-12062,-22415,92938,-10989
2020-06-27 22:05:00,0,-51328,92898,-10989
2020-06-26 22:05:00,0,-69950,53731,-10989
2020-06-25 22:05:00,-5000,-50676,56811,-10989
2020-06-24 22:05:00,-11,-53331,63367,-38489
2020-06-23 22:05:00,-25000,-112651,51125,-30656
2020-06-22 22:05:00,-7900,-88979,92731,-10989
2020-06-21 22:05:00,-10000,-56876,104701,-15989
2020-06-20 22:05:00,0,93124,103273,-10989
2020-06-19 22:05:00,0,57279,94344,-10989
2020-06-18 22:05:00,0,10279,93834,-10989
2020-06-17 22:05:00,0,96589,90672,-10989
2020-06-16 22:05:00,0,81997,105013,-10989
2020-06-15 22:05:00,0,57280,94999,-10989
2020-06-14 22:05:00,-67000,133547,87376,-44489
2020-06-13 22:05:00,0,132280,87376,-10989
2020-06-12 22:05:00,0,120959,90741,-10989
2020-06-11 22:05:00,-10000,23066,99508,-15989
2020-06-10 22:05:00,-20000,-165868,85718,-20989
2020-06-09 22:05:00,-52100,-288912,93126,-41600
2020-06-08 22:05:00,-10000,-275616,126054,-18489
2020-06-07 22:05:00,0,-152098,126054,-10989
2020-06-06 22:05:00,0,4842,123724,-10989
2020-06-05 22:05:00,0,-14721,83902,-10989
2020-06-04 22:05:00,-52000,66279,22751,-40989
2020-06-03 22:05:00,-20000,87034,67773,-20989
2020-06-02 22:05:00,0,44088,92864,-10989
2020-06-01 22:05:00,0,11479,94590,-10989
2020-05-31 22:05:00,-10839,-232101,84637,-10989
2020-05-30 22:05:00,-8294,-11033,84629,-10989
2020-05-29 22:05:00,-3294,31067,84629,-10989
2020-05-28 22:05:00,-8294,-77445,68865,-13489
2020-05-27 22:05:00,-23294,-182786,68447,-20989
2020-05-26 22:05:00,-43294,-31758,94622,-30989
2020-05-25 22:05:00,-8294,190242,94622,-13489
2020-05-24 22:05:00,-3294,99733,94622,-10989
2020-05-23 22:05:00,-3294,-20225,94622,-10989
2020-05-22 22:05:00,-3294,-6454,78712,-10989
2020-05-21 22:05:00,-13294,-79681,94601,-15989
2020-05-20 22:05:00,-3294,-14433,79028,-10989
2020-05-19 22:05:00,-3294,-82512,80320,-10989
2020-05-18 22:05:00,-3294,-20984,84668,-10989
2020-05-17 22:05:00,-3294,-264734,85186,-10989
2020-05-16 22:05:00,-3294,25266,85180,-10989
2020-05-15 22:05:00,-3294,187,95069,-10989
2020-05-14 22:05:00,-18294,45632,84993,-20989
2020-05-13 22:05:00,-24669,15067,92361,-26814
2020-05-12 22:05:00,-28294,4745,79199,-15989
2020-05-11 22:05:00,-20169,-38100,103967,-23489
2020-05-10 22:05:00,-3294,136900,103967,-10989
2020-05-09 22:05:00,-13294,-28100,103967,-15989
2020-05-08 22:05:00,-3294,-2113,99054,-10989
2020-05-07 22:05:00,-3294,-3933,99153,-10989
2020-05-06 22:05:00,-13294,-137883,76717,-15989
2020-05-05 22:05:00,-43294,-221227,77683,-23489
2020-05-04 22:05:00,-3294,-75750,94364,-10989
2020-05-03 22:05:00,-3294,80342,94699,-10989
2020-05-02 22:05:00,-3294,167608,94699,-10989
2020-05-01 22:05:00,-233,116503,88047,-10989
2020-04-30 22:05:00,-475,108057,92455,-21390
2020-04-29 22:05:00,-455,-276761,94386,-21389
2020-04-28 22:05:00,-455,61466,95937,-21389
2020-04-27 22:05:00,-455,217587,92158,-21389
2020-04-26 22:05:00,-455,153933,92158,-21389
2020-04-25 22:05:00,-455,35633,92158,-21389
2020-04-24 22:05:00,-455,79997,93773,-21389
2020-04-23 22:05:00,-10455,26012,80898,-26389
2020-04-22 22:05:00,-30455,52312,95377,-36389
2020-04-21 22:05:00,-455,37817,78408,-21389
2020-04-20 22:05:00,-455,32603,89496,-21389
2020-04-19 22:05:00,-455,28313,89496,-21389
2020-04-18 22:05:00,-455,145084,89496,-21389
2020-04-17 22:05:00,-40455,91097,89059,-41389
2020-04-16 22:05:00,-67455,146097,40419,-74889
2020-04-15 22:05:00,-68512,86088,70067,-54889
2020-04-14 22:05:00,-60455,13653,74712,-51389
2020-04-13 22:05:00,-455,-167751,17314,-21389
2020-04-12 22:05:00,-455,-144771,50472,-21389
2020-04-11 22:05:00,-455,106864,55459,-21389
2020-04-10 22:05:00,-40455,58838,55459,-41389
2020-04-09 22:05:00,-455,-46178,46484,-21389
2020-04-08 22:05:00,-5455,-49058,47907,-21389
2020-04-07 22:05:00,-455,50251,71291,-21389
2020-04-06 22:05:00,-455,101367,69983,-21389
2020-04-05 22:05:00,-455,34263,62396,-21389
2020-04-04 22:05:00,-455,67333,62925,-21389
2020-04-03 22:05:00,-455,201613,50716,-21389
2020-04-02 22:05:00,-455,131702,56562,-21389
2020-04-01 22:05:00,-1455,158346,82172,-31389
2020-03-31 22:05:00,-7830,-124721,19284,-226
2020-03-30 22:05:00,-4839,9611,72444,-226
2020-03-29 22:05:00,-4839,-20418,72919,-226
2020-03-28 22:05:00,-4839,78368,72919,-226
2020-03-27 22:05:00,-4839,29539,16704,-226
2020-03-26 22:05:00,-44839,22793,17768,-20226
2020-03-25 22:05:00,-44839,-36918,5391,-20226
2020-03-24 22:05:00,-44839,48159,-4842,-20321
2020-03-23 22:05:00,-17339,22055,-3816,-3926
2020-03-22 22:05:00,-17339,51631,-4133,-3926
2020-03-21 22:05:00,-17339,51631,-7141,-3926
2020-03-20 22:05:00,-4839,9566,-32283,-4226
2020-03-19 22:05:00,-47339,-41143,-13164,-4226
2020-03-18 22:05:00,-50990,-1068,38232,-37226
2020-03-17 22:05:00,-17339,-28517,-30426,-27226
2020-03-16 22:05:00,-17339,-37941,8171,-27226
2020-03-15 22:05:00,-17339,-27943,12719,-27226
2020-03-14 22:05:00,-17339,-27943,12719,-27226
2020-03-13 22:05:00,-17339,2379,31119,-27226
2020-03-12 22:05:00,-17339,69763,4958,-27226
2020-03-11 22:05:00,-17339,2158,38709,-27226
2020-03-10 22:05:00,-17339,82298,20663,-27226
2020-03-09 22:05:00,-17339,39178,35564,-47826
2020-03-08 22:05:00,-35339,58178,35564,-47826
2020-03-07 22:05:00,-35339,79178,35514,-47826
2020-03-06 22:05:00,-47339,32964,35735,-65226
2020-03-05 22:05:00,-37339,-65554,232,-60226
2020-03-04 22:05:00,-4839,-67001,-14236,-50226
2020-03-03 22:05:00,-6639,-2719,-10363,-47926
2020-03-02 22:05:00,-6839,93474,-10293,-40426
2020-03-01 22:05:00,-15500,47751,-11261,-40426
2020-02-29 22:05:00,-22466,-23437,-44549,-45152
2020-02-28 22:05:00,-53466,-34678,-43795,-50166
2020-02-27 22:05:00,-64466,-41609,-64634,-75166
2020-02-26 22:05:00,-56321,-67108,-68563,-77066
2020-02-25 22:05:00,-22466,-11226,-72958,-41666
2020-02-24 22:05:00,-22466,34562,-72735,-50166
2020-02-23 22:05:00,-9966,-55273,-72735,-50166
2020-02-22 22:05:00,-39966,-90895,-72735,-55166
2020-02-21 22:05:00,-101207,-181676,-66908,-75166
2020-02-20 22:05:00,-111466,-116489,-56458,-106166
2020-02-19 22:05:00,-46966,-89188,-41687,-91366
2020-02-18 22:05:00,-15966,-21634,-88879,-50166
2020-02-17 22:05:00,-15966,2441,-88879,-50166
2020-02-16 22:05:00,-15966,2441,-88879,-63966
2020-02-15 22:05:00,-84716,37897,-88879,-88966
2020-02-14 22:05:00,-143341,-39143,-61978,-119166
2020-02-13 22:05:00,-87716,-84189,-98991,-93966
2020-02-12 22:05:00,-63716,-80209,-86247,-72166
2020-02-11 22:05:00,-14966,-70209,-53443,-63966
2020-02-10 22:05:00,-15966,-149515,-115839,-63966
2020-02-09 22:05:00,-28716,-60235,-115839,-73166
2020-02-08 22:05:00,-78716,-60235,-112239,-98166
2020-02-07 22:05:00,-99647,-85739,-130989,-97166
2020-02-06 22:05:00,-94716,-80364,-118678,-67166
2020-02-05 22:05:00,-13966,-23944,-109107,-27166
2020-02-04 22:05:00,-11966,15186,-105348,-27166
2020-02-03 22:05:00,-13966,-18747,-82064,-9966
2020-02-02 22:05:00,-46716,-73622,-29497,-5000
2020-02-01 22:05:00,-57716,-13609,-33570,-10000
2020-01-31 22:05:00,-121146,-54364,-10970,-97641
2020-01-30 22:05:00,-96952,12399,21933,-71757
2020-01-29 22:05:00,-106952,-91429,-6913,-81757
2020-01-28 22:05:00,-65452,-4579,-11266,-54557
2020-01-27 22:05:00,-51952,79255,-5254,-59557
2020-01-26 22:05:00,-51952,64255,-11266,-44557
2020-01-25 22:05:00,-51952,64255,-11266,-44557
2020-01-24 22:05:00,-72729,176520,-4386,-44557
2020-01-23 22:05:00,-61952,46287,-10147,-44557
2020-01-22 22:05:00,-123469,-51749,-5921,-59557
2020-01-21 22:05:00,-176465,-180693,5232,-120367
2020-01-20 22:05:00,-129465,25333,2382,-54557
2020-01-19 22:05:00,-34452,66336,2382,-34557
2020-01-18 22:05:00,-60952,41336,2382,-44557
2020-01-17 22:05:00,-91602,52097,7095,-54557
2020-01-16 22:05:00,-50952,46279,39267,-34557
2020-01-15 22:05:00,-30952,44125,34490,-34557
2020-01-14 22:05:00,-30552,90721,39498,-34557
2020-01-13 22:05:00,-30552,5443,7680,-34557
2020-01-12 22:05:00,-30552,6589,7680,-34557
2020-01-11 22:05:00,-30552,6589,7680,-34557
2020-01-10 22:05:00,-29452,91577,36995,-34557
2020-01-09 22:05:00,-54452,71530,48006,-44557
2020-01-08 22:05:00,-57452,126774,38952,-49557
2020-01-07 22:05:00,-88452,100537,41378,-45557
2020-01-06 22:05:00,-21952,17581,76244,-39557
2020-01-05 22:05:00,-45952,2581,76244,-49557
2020-01-04 22:05:00,-8452,-8525,76244,-34557
2020-01-03 22:05:00,-30452,-80025,45122,-36171
2020-01-02 22:05:00,-29452,-3624,52578,-33750
2020-01-01 22:05:00,-36500,121356,52597,-10000
2019-12-31 22:05:00,-59000,-7917,8894,-23440
2019-12-30 22:05:00,-29000,56315,28068,-13419
2019-12-29 22:05:00,-2000,-48685,36403,-3419
2019-12-28 22:05:00,-100,76315,33437,-3419
2019-12-27 22:05:00,-2000,89046,2376,-3419
2019-12-26 22:05:00,0,40989,5893,-3419
2019-12-25 22:05:00,0,40989,5893,-3419
2019-12-24 22:05:00,0,193855,1781,-3419
2019-12-23 22:05:00,-15700,139108,-3178,-23419
2019-12-22 22:05:00,-15700,54474,-3178,-23419
2019-12-21 22:05:00,-15700,54474,-3178,-23419
2019-12-20 22:05:00,-14700,9781,-38307,-16719
2019-12-19 22:05:00,-107897,7445,-3295,-78419
2019-12-18 22:05:00,-116164,-33382,-55198,-103319
2019-12-17 22:05:00,-11100,-119265,-88639,-23419
2019-12-16 22:05:00,-2000,-225307,-80059,-3419
2019-12-15 22:05:00,-2000,-10707,-80059,-3419
2019-12-14 22:05:00,-2000,-10707,-69059,-3419
2019-12-13 22:05:00,-3000,-42039,1772,-85419
2019-12-12 22:05:00,-103000,11062,1864,-75919
2019-12-11 22:05:00,-103000,-28926,1743,-146619
2019-12-10 22:05:00,-28500,-27109,2479,-23419
2019-12-09 22:05:00,-2000,37651,1941,-28119
2019-12-08 22:05:00,-2000,89982,1941,-3419
2019-12-07 22:05:00,-2000,95732,3446,-3419
2019-12-06 22:05:00,-4000,59660,-2296,-13419
2019-12-05 22:05:00,-15000,93186,-29967,-44419
2019-12-04 22:05:00,-106450,-75383,-54941,-66919
2019-12-03 22:05:00,-216500,-57879,-23486,-29119
2019-12-02 22:05:00,-67300,39083,-49042,-22083
2019-12-01 22:05:00,-5000,73839,-50195,0
2019-11-30 22:05:00,0,279547,-49992,-2000
2019-11-29 22:05:00,0,190258,-44992,-2000
2019-11-28 22:05:00,0,107775,-44992,-2000
2019-11-27 22:05:00,0,102282,-52618,-2000
2019-11-26 22:05:00,-27500,135790,-59485,-7000
2019-11-25 22:05:00,-27500,125044,2861,-12000
2019-11-24 22:05:00,0,87487,20336,-2000
2019-11-23 22:05:00,-35000,60806,20336,-12000
2019-11-22 22:05:00,0,80540,-42231,-2000
2019-11-21 22:05:00,-2000,59188,-26802,-2000
2019-11-20 22:05:00,0,34194,5277,-4875
2019-11-19 22:05:00,-3000,45811,63946,-12000
2019-11-18 22:05:00,-48000,-30744,-10779,-2000
2019-11-17 22:05:00,-48000,30753,6633,-2000
2019-11-16 22:05:00,-48000,31232,7338,-2000
2019-11-15 22:05:00,-78500,7952,6633,-30300
2019-11-14 22:05:00,-171451,-23768,6616,-60000
2019-11-13 22:05:00,-165094,27587,5156,-72500
2019-11-12 22:05:00,-58596,45161,47750,-73500
2019-11-11 22:05:00,0,159400,-2674,-2000
2019-11-10 22:05:00,0,169209,12683,-2000
2019-11-09 22:05:00,0,170424,19879,-2000
2019-11-08 22:05:00,-40000,-19026,61030,-44500
2019-11-07 22:05:00,0,-7951,-58947,-2000
2019-11-06 22:05:00,0,-1896,-15746,-2000
2019-11-05 22:05:00,-2000,20259,6784,-2000
2019-11-04 22:05:00,-5000,-132485,63048,-2000
2019-11-03 22:05:00,-5000,73158,63048,-2000
2019-11-02 22:05:00,-35000,-5596,58060,-17000
2019-11-01 22:05:00,-5000,66637,20927,-12000
2019-10-31 22:05:00,-50040,-2057,9498,-10306
2019-10-30 22:05:00,-31422,13754,-3626,-336
2019-10-29 22:05:00,-31422,6072,9807,-336
2019-10-28 22:05:00,-31422,-98384,25341,-336
2019-10-27 22:05:00,-31422,-56530,25341,-336
2019-10-26 22:05:00,-31422,2470,47803,-336
2019-10-25 22:05:00,-31422,47979,28389,-7836
2019-10-24 22:05:00,-31422,54436,28714,-7836
2019-10-23 22:05:00,-21422,15522,39645,-7836
2019-10-22 22:05:00,-31422,-86547,46614,-7836
2019-10-21 22:05:00,-422,46395,68958,-336
2019-10-20 22:05:00,-422,78853,68958,-336
2019-10-19 22:05:00,-422,251774,73752,-336
2019-10-18 22:05:00,-422,171971,74943,-336
2019-10-17 22:05:00,-31422,137326,69482,-336
2019-10-16 22:05:00,-31422,33104,76038,-336
2019-10-15 22:05:00,-31422,80634,76004,-336
2019-10-14 22:05:00,-422,42637,74647,-336
2019-10-13 22:05:00,-422,241777,74647,-336
2019-10-12 22:05:00,-422,372777,74647,-336
2019-10-11 22:05:00,-422,205194,73147,-336
2019-10-10 22:05:00,0,131918,70647,-336
2019-10-09 22:05:00,-31422,225115,46140,-336
2019-10-08 22:05:00,-31422,196731,43740,-336
2019-10-07 22:05:00,-11422,161848,40296,-336
2019-10-06 22:05:00,-11422,92965,40296,-336
2019-10-05 22:05:00,-11422,47963,69716,-336
2019-10-04 22:05:00,-42822,39572,69687,-336
2019-10-03 22:05:00,-77022,12801,70225,-28562
2019-10-02 22:05:00,-91422,35160,70980,-43562
2019-10-01 22:05:00,-56544,29662,75207,-39562
2019-09-30 22:05:00,0,7719,91926,0
2019-09-29 22:05:00,0,60664,91926,0
2019-09-28 22:05:00,0,60664,91926,0
2019-09-27 22:05:00,-33184,3966,79636,-34334
2019-09-26 22:05:00,-10995,39668,70997,-39334
2019-09-25 22:05:00,-41371,29918,66061,-24334
2019-09-24 22:05:00,-45024,43870,32769,-10000
2019-09-23 22:05:00,0,84852,49816,-24334
2019-09-22 22:05:00,0,84852,49816,-24334
2019-09-21 22:05:00,0,84838,49816,-24334
2019-09-20 22:05:00,0,193171,54549,0
2019-09-19 22:05:00,0,98589,54674,0
2019-09-18 22:05:00,0,73584,49706,0
2019-09-17 22:05:00,-76000,-51601,47411,-50000
2019-09-16 22:05:00,0,-6314,65503,-24334
2019-09-15 22:05:00,0,20394,60515,-24334
2019-09-14 22:05:00,0,110394,60515,0
2019-09-13 22:05:00,-60000,-11359,59233,-49334
2019-09-12 22:05:00,-132000,-17553,8125,-44334
2019-09-11 22:05:00,-153904,-143438,61047,-36334
2019-09-10 22:05:00,-54684,-190668,54623,-69334
2019-09-09 22:05:00,-81000,-89517,53038,0
2019-09-08 22:05:00,-91000,-71737,67252,0
2019-09-07 22:05:00,-31884,-44427,67252,0
2019-09-06 22:05:00,-73069,-116625,72799,-78100
2019-09-05 22:05:00,-79150,-181452,49842,-57000
2019-09-04 22:05:00,-62326,9864,73450,-57000
2019-09-03 22:05:00,-54451,-96727,64811,-49334
2019-09-02 22:05:00,0,-57722,60807,-49334
2019-09-01 22:05:00,0,-357722,60561,-49334
2019-08-31 22:05:00,0,8201,65643,-18490
2019-08-30 22:05:00,0,-122766,87683,-18431
2019-08-29 22:05:00,-62500,-190464,57797,-23431
2019-08-28 22:05:00,-27500,-103138,74984,-13431
2019-08-27 22:05:00,0,-13011,58532,-23431
2019-08-26 22:05:00,-27371,-90582,85706,-48431
2019-08-25 22:05:00,-29355,-106106,75280,-48431
2019-08-24 22:05:00,-29355,-47796,80280,-48431
2019-08-23 22:05:00,-27371,2686,54846,-79431
2019-08-22 22:05:00,-30355,-84922,74991,-64624
2019-08-21 22:05:00,-64226,-156910,72286,-92624
2019-08-20 22:05:00,-52500,-17127,84228,-108624
2019-08-19 22:05:00,-27500,23550,28118,-53431
2019-08-18 22:05:00,0,-71140,37957,-43431
2019-08-17 22:05:00,0,66958,37957,-43431
2019-08-16 22:05:00,-59871,31789,41146,-58232
2019-08-15 22:05:00,-52500,-23656,28396,-35278
2019-08-14 22:05:00,-52545,-52623,24089,-28431
2019-08-13 22:05:00,-84871,26069,100830,-105124
2019-08-12 22:05:00,-122500,-132779,34209,-78431
2019-08-11 22:05:00,0,-72478,51993,-53431
2019-08-10 22:05:00,0,-39779,52161,-53431
2019-08-09 22:05:00,-37500,-55356,36924,-72624
2019-08-08 22:05:00,-150950,13727,24976,-110065
2019-08-07 22:05:00,-68750,-55303,20030,-48431
2019-08-06 22:05:00,-128750,54963,19273,-28431
2019-08-05 22:05:00,-116341,-77287,18963,-41131
2019-08-04 22:05:00,-5000,45393,18963,-13431
2019-08-03 22:05:00,0,47719,18889,-3431
2019-08-02 22:05:00,-68750,121482,41268,-28431
2019-08-01 22:05:00,-73414,240184,30268,-28431
2019-07-31 22:05:00,-135706,-173687,36281,-113469
2019-07-30 22:05:00,-155989,-19593,36001,-88505
2019-07-29 22:05:00,-123357,-166696,35907,-99814
2019-07-28 22:05:00,-57258,-106649,35907,-63505
2019-07-27 22:05:00,-32258,28356,35907,-53505
2019-07-26 22:05:00,-32258,119164,-1289,-53505
2019-07-25 22:05:00,-32258,122844,36347,-54861
2019-07-24 22:05:00,-32258,59965,41298,-53505
2019-07-23 22:05:00,-32258,16260,61023,-40935
2019-07-22 22:05:00,-32258,8407,34717,-48117
2019-07-21 22:05:00,-32258,23849,48503,-77735
2019-07-20 22:05:00,-101008,-26151,48503,-102735
2019-07-19 22:05:00,-161008,-147915,57694,-78505
2019-07-18 22:05:00,-67258,-61998,31245,-63505
2019-07-17 22:05:00,-142258,-148201,43464,-68505
2019-07-16 22:05:00,-71749,-143421,36914,-65935
2019-07-15 22:05:00,-32258,-245739,39738,-40935
2019-07-14 22:05:00,-57258,-219176,39738,-63505
2019-07-13 22:05:00,-32258,-23416,39738,-53505
2019-07-12 22:05:00,-107144,-43740,57509,-55912
2019-07-11 22:05:00,-107258,-158272,61528,-60742
2019-07-10 22:05:00,-124258,-170066,65510,-73505
2019-07-09 22:05:00,-87258,-188468,66842,-60935
2019-07-08 22:05:00,-72258,288576,63454,-60415
2019-07-07 22:05:00,-32258,246467,69525,-40415
2019-07-06 22:05:00,-99258,288302,69525,-60415
2019-07-05 22:05:00,-62258,130460,69525,-40415
2019-07-04 22:05:00,-99258,55446,69525,-74435
2019-07-03 22:05:00,-71885,16195,85552,-78505
2019-07-02 22:05:00,-93693,38523,57649,-88505
2019-07-01 22:05:00,-90258,-187111,73107,-78505
2019-06-30 22:05:00,-43378,21503,73243,-45602
2019-06-29 22:05:00,-15268,241033,72280,-20622
2019-06-28 22:05:00,-82268,64950,72280,-47522
2019-06-27 22:05:00,-15458,-64349,65904,-14010
2019-06-26 22:05:00,-15268,-152897,39402,-14022
2019-06-25 22:05:00,-15268,-153627,75054,-14022
2019-06-24 22:05:00,-15268,-121296,79267,-14022
2019-06-23 22:05:00,-15268,-68216,88329,-14022
2019-06-22 22:05:00,-15268,-41426,88329,-14022
2019-06-21 22:05:00,-92768,-22207,91946,-14022
2019-06-20 22:05:00,-48913,-211939,80581,-14022
2019-06-19 22:05:00,-35268,-17747,104045,-39022
2019-06-18 22:05:00,-65268,38126,92099,-39022
2019-06-17 22:05:00,-28885,137401,109133,-24022
2019-06-16 22:05:00,-13885,205582,109230,-14022
2019-06-15 22:05:00,-13885,27911,109230,-14022
2019-06-14 22:05:00,-15268,141171,92369,-14022
2019-06-13 22:05:00,-25268,177363,61856,-24022
2019-06-12 22:05:00,-15268,-59025,63761,-14022
2019-06-11 22:05:00,-25268,-70795,83073,-24022
2019-06-10 22:05:00,-13885,115395,100869,-14022
2019-06-09 22:05:00,-13885,74326,47985,-14022
2019-06-08 22:05:00,-13885,-14577,58985,-14022
2019-06-07 22:05:00,-15268,72662,63972,-14022
2019-06-06 22:05:00,-13885,-34718,60441,-14022
2019-06-05 22:05:00,-15204,-47960,53072,-13779
2019-06-04 22:05:00,-15204,-74186,52640,-14022
2019-06-03 22:05:00,-15268,-40832,48493,-14022
2019-06-02 22:05:00,-15268,-20252,48492,-14022
2019-06-01 22:05:00,-15487,-41647,48492,-14022
2019-05-31 22:05:00,-61703,-45118,42052,-36342
2019-05-30 22:05:00,-66669,-73580,35846,-31197
2019-05-29 22:05:00,-61669,-144336,35752,-31419
2019-05-28 22:05:00,-51669,-119709,45952,-13197
2019-05-27 22:05:00,-51669,-158582,45574,-13197
2019-05-26 22:05:00,-51669,-70056,45574,-13197
2019-05-25 22:05:00,-51669,35592,40586,-13197
2019-05-24 22:05:00,-51669,-39256,57002,-16584
2019-05-23 22:05:00,-86669,-59186,54622,-19584
2019-05-22 22:05:00,-91669,-130540,57102,-14332
2019-05-21 22:05:00,-51669,-189369,52263,-7488
2019-05-20 22:05:00,-51669,-54580,33230,-64597
2019-05-19 22:05:00,-51669,-70001,30758,-36197
2019-05-18 22:05:00,-51669,50777,41095,-16197
2019-05-17 22:05:00,-51669,-32596,32142,-16197
2019-05-16 22:05:00,-51669,-19084,30533,-16197
2019-05-15 22:05:00,-51669,5243,10556,-16197
2019-05-14 22:05:00,-51669,5177,10493,-16197
2019-05-13 22:05:00,-51669,-6301,20833,-16197
2019-05-12 22:05:00,-51669,-63301,6102,-16197
2019-05-11 22:05:00,-51669,-33301,20833,-16197
2019-05-10 22:05:00,-51669,10113,30211,-16197
2019-05-09 22:05:00,-51669,15000,24570,-16891
2019-05-08 22:05:00,-51669,-39675,19570,-22773
2019-05-07 22:05:00,-51669,-112003,14570,-16197
2019-05-06 22:05:00,-51669,20391,24646,-11197
2019-05-05 22:05:00,-51669,37602,24646,-8005
2019-05-04 22:05:00,-51669,37602,24646,-8005
2019-05-03 22:05:00,-51669,13375,14570,-10419
2019-05-02 22:05:00,-82669,20955,38846,-35840
2019-05-01 22:05:00,-51669,-35257,51946,-35760
2019-04-30 22:05:00,-27811,-15102,32998,-41697
2019-04-29 22:05:00,-4491,5715,14000,-83398
2019-04-28 22:05:00,-4491,18915,25000,-17500
2019-04-27 22:05:00,-4491,33969,25000,-11767
2019-04-26 22:05:00,-27791,35579,34891,-34376
2019-04-25 22:05:00,-27791,-22196,34955,-34376
2019-04-24 22:05:00,-77791,64922,20000,-67876
2019-04-23 22:05:00,-27791,101783,15000,-34376
2019-04-22 22:05:00,-27791,181852,15000,-34376
2019-04-21 22:05:00,-27791,176852,15000,-34376
2019-04-20 22:05:00,-27791,181852,15000,-34376
2019-04-19 22:05:00,-27791,12448,15000,-34376
2019-04-18 22:05:00,-27791,73370,15000,-34376
2019-04-17 22:05:00,-27791,70770,15273,-69959
2019-04-16 22:05:00,-27791,98389,15000,-69959
2019-04-15 22:05:00,-27791,172626,5000,-36459
2019-04-14 22:05:00,-27791,27241,5000,-36459
2019-04-13 22:05:00,-27791,31750,-1000,-36459
2019-04-12 22:05:00,-27791,24362,-6000,-36459
2019-04-11 22:05:00,-27791,58632,-21000,-36459
2019-04-10 22:05:00,-27791,22040,1000,-36459
2019-04-09 22:05:00,-27791,83361,20000,-36459
2019-04-08 22:05:00,-27791,26194,10001,-36459
2019-04-07 22:05:00,-27791,-5768,10001,-38542
2019-04-06 22:05:00,-27791,-1761,10001,-38542
2019-04-05 22:05:00,-27791,93876,-4999,-38542
2019-04-04 22:05:00,-27791,129794,-12499,-38542
2019-04-03 22:05:00,-67791,185802,2501,-72042
2019-04-02 22:05:00,-67791,86414,-9999,-63709
2019-04-01 22:05:00,-67791,103084,5001,-63709
2019-03-31 22:05:00,-10,73829,3974,-1810
2019-03-30 22:05:00,-10,167864,3948,-1810
2019-03-29 22:05:00,-10,192868,3948,-1810
2019-03-28 22:05:00,-10,200254,7793,-1810
2019-03-27 22:05:00,-10,164648,9737,-1810
2019-03-26 22:05:00,-168148,28719,6108,-161810
2019-03-25 22:05:00,-20010,-120667,-10096,-21810
2019-03-24 22:05:00,-10,-8568,-96,-1810
2019-03-23 22:05:00,-10,57343,-96,-1810
2019-03-22 22:05:00,-30010,148388,10056,-41810
2019-03-21 22:05:00,-32000,57196,-6096,-41810
2019-03-20 22:05:00,-32000,13408,-6096,-41810
2019-03-19 22:05:00,-50000,3142,-6096,-41810
2019-03-18 22:05:00,-40000,5821,-9406,-41810
2019-03-17 22:05:00,-39000,16659,-6096,-41810
2019-03-16 22:05:00,-29000,16659,-6096,-21810
2019-03-15 22:05:00,-42500,-21961,2264,-26810
2019-03-14 22:05:00,-44000,-16298,-6096,-31810
2019-03-13 22:05:00,-44000,-934,-9096,-41810
2019-03-12 22:05:00,-44500,81738,-6096,-41810
2019-03-11 22:05:00,-43000,-32103,-13676,-41810
2019-03-10 22:05:00,-43000,-30461,-6096,-41810
2019-03-09 22:05:00,-44000,176393,-6096,-41810
2019-03-08 22:05:00,-86500,19135,4056,-90906
2019-03-07 22:05:00,-192500,-76174,-11096,-145906
2019-03-06 22:05:00,-192500,-182639,-12096,-140906
2019-03-05 22:05:00,-177810,-411749,-12096,-130906
2019-03-04 22:05:00,-157467,-394624,-28070,-115905
2019-03-03 22:05:00,-152467,-326650,-31184,-115906
2019-03-02 22:05:00,-150467,-215250,-16955,-115906
2019-03-01 22:05:00,-51872,-51095,-5632,-65906
2019-02-28 22:05:00,-111313,-96178,-12173,-97057
2019-02-27 22:05:00,-108571,-101697,-4712,-125714
2019-02-26 22:05:00,-76841,-227346,-16996,-85714
2019-02-25 22:05:00,-88571,-131522,-20230,-156714
2019-02-24 22:05:00,-73571,-151522,-20230,-116714
2019-02-23 22:05:00,-77071,-151522,-20230,-126714
2019-02-22 22:05:00,-120571,-176189,-18699,-172714
2019-02-21 22:05:00,-123571,-179822,-19780,-85714
2019-02-20 22:05:00,-166091,-262046,2614,-197714
2019-02-19 22:05:00,-95000,-190996,-13632,-135714
2019-02-18 22:05:00,-102115,-240996,-19635,-135714
2019-02-17 22:05:00,-66500,-77922,-13635,-85714
2019-02-16 22:05:00,-65500,-27962,-8635,-85714
2019-02-15 22:05:00,-63500,-82046,-4069,-85714
2019-02-14 22:05:00,-87500,-96846,-5081,-135714
2019-02-13 22:05:00,-94000,-109546,-2780,-135714
2019-02-12 22:05:00,-43000,-124060,-14880,-65714
2019-02-11 22:05:00,-35010,-110460,-8780,-70714
2019-02-10 22:05:00,-118510,-100468,-2780,-162714
2019-02-09 22:05:00,-128500,-85497,-2780,-162714
2019-02-08 22:05:00,-132071,-99760,-14780,-162714
2019-02-07 22:05:00,-30,-14606,-16018,-35714
2019-02-06 22:05:00,-25030,-8024,-21380,-35714
2019-02-05 22:05:00,-30,22034,-7996,-35714
2019-02-04 22:05:00,-26500,81088,10762,-35714
2019-02-03 22:05:00,-27500,-23328,12222,-35714
2019-02-02 22:05:00,-30000,-13333,14011,-35714
2019-02-01 22:05:00,-102571,-41731,4372,-75714
2019-01-31 22:05:00,-240243,-198573,-33870,-191040
2019-01-30 22:05:00,-247709,-293262,-31621,-200132
2019-01-29 22:05:00,-242709,-233753,-14621,-174032
2019-01-28 22:05:00,-124199,-346298,-14581,-71032
2019-01-27 22:05:00,-124199,-235364,-4429,-71032
2019-01-26 22:05:00,-124199,-75705,-4429,-71032
2019-01-25 22:05:00,-159209,-83336,-11299,-111032
2019-01-24 22:05:00,-146209,37088,0,-111032
2019-01-23 22:05:00,-84209,72375,-44735,-49032
2019-01-22 22:05:00,-194209,-64112,-49235,-111532
2019-01-21 22:05:00,-180209,-183900,-45735,-91532
2019-01-20 22:05:00,-212209,-177566,-45735,-131532
2019-01-19 22:05:00,-149209,-9179,-45735,-51532
2019-01-18 22:05:00,-71209,-23226,-45735,-29032
2019-01-17 22:05:00,-78000,-20963,-46735,-9032
2019-01-16 22:05:00,-108854,64287,-46735,-60032
2019-01-15 22:05:00,-55210,-147463,-58735,-50032
2019-01-14 22:05:00,-25355,-14624,-58735,-29032
2019-01-13 22:05:00,-10355,-2575,-41735,-9032
2019-01-12 22:05:00,-7355,38038,-41735,-9032
2019-01-11 22:05:00,-40355,43404,-58735,-49032
2019-01-10 22:05:00,-87210,40067,-57362,-89032
2019-01-09 22:05:00,-41355,45190,-53735,-49032
2019-01-08 22:05:00,-8355,91603,-41736,-5806
2019-01-07 22:05:00,-7355,200982,-41736,-5806
2019-01-06 22:05:00,-38967,200982,-41736,-5806
2019-01-05 22:05:00,-23355,200982,-41736,-25806
2019-01-04 22:05:00,-55355,127518,-41736,-69032
2019-01-03 22:05:00,-40355,51065,-41736,-49032
2019-01-02 22:05:00,-25055,74710,-41736,-24528
2019-01-01 22:05:00,-7055,64704,-41736,-9032
2018-12-31 22:05:00,-11652,18998,-63099,-7264
2018-12-30 22:05:00,-11652,94847,-62900,-6768
2018-12-29 22:05:00,-11652,71559,-62900,-6768
2018-12-28 22:05:00,-11652,55916,-62900,-6768
2018-12-27 22:05:00,-11680,42264,-64900,-6768
2018-12-26 22:05:00,-11652,29060,-63900,-1768
2018-12-25 22:05:00,-13612,49060,-63900,-1768
2018-12-24 22:05:00,-13612,9060,-63900,-1768
2018-12-23 22:05:00,-13612,9060,-63900,-1768
2018-12-22 22:05:00,-13612,3856,-63900,-1768
2018-12-21 22:05:00,-14612,7060,-63900,-6768
2018-12-20 22:05:00,-16612,31524,-63900,-6768
2018-12-19 22:05:00,-14612,-42143,-62900,-6768
2018-12-18 22:05:00,-15612,-1348,-62900,-6768
2018-12-17 22:05:00,-15612,42805,-62900,-6768
2018-12-15 22:05:00,-15612,88140,-62900,-6768
2018-12-14 22:05:00,-13612,26665,-62900,-6768
2018-12-13 22:05:00,-15612,28121,-61754,-6768
2018-12-12 22:05:00,-18612,-51479,-57487,-37768
2018-12-11 22:05:00,-70012,-167793,-42600,-57768
2018-12-10 22:05:00,-61612,-151200,-93203,-56768
2018-12-09 22:05:00,-61612,-44679,-94658,-46768
2018-12-08 22:05:00,-31612,-44679,-94658,-6768
2018-12-07 22:05:00,-17612,-38679,-89960,-47768
2018-12-06 22:05:00,-47642,-117179,-122158,-46768
2018-12-05 22:05:00,-116112,-28346,-87658,-168786
2018-12-04 22:05:00,-66612,-78799,-97158,-128786
2018-12-03 22:05:00,-11612,-162181,-124788,-5000
2018-12-02 22:05:00,-11612,-77181,-118127,-5000
2018-12-01 22:05:00,-11612,-2181,-108154,-5000
2018-11-30 22:05:00,-10,193984,17018,-40388
2018-11-29 22:05:00,-2000,83934,16398,-85398
2018-11-28 22:05:00,-103000,19714,26523,-180398
2018-11-27 22:05:00,-85000,-140830,16199,-140398
2018-11-24 22:05:00,-1000,4436,26323,-40398
2018-11-23 22:05:00,-1000,123655,26323,-40398
2018-11-21 22:05:00,-4000,-3258,16198,-71398
2018-11-18 22:05:00,-1000,82959,16262,-71398
2018-11-16 22:05:00,-77000,-87806,16291,-140398
2018-11-15 22:05:00,-84000,-117510,16324,-190398
2018-11-14 22:05:00,-74000,-84493,8843,-120398
2018-11-13 22:05:00,-24000,-57470,4564,-111398
2018-11-12 22:05:00,-12000,-190628,8843,-58398
2018-11-11 22:05:00,-12000,-64262,8818,-58398
2018-11-10 22:05:00,-12000,-109015,8818,-58398
2018-11-09 22:05:00,-2000,-52452,-359,-102398
2018-11-08 22:05:00,-1000,-74545,-3141,-50398
2018-11-07 22:05:00,-1000,-36555,-3183,-50398
2018-11-06 22:05:00,-1000,-76608,6342,-47998
2018-11-05 22:05:00,-1000,-18097,26323,-40398
2018-11-04 22:05:00,-1000,82720,26323,-40398
2018-11-03 22:05:00,-1000,197114,26323,-40398
2018-11-02 22:05:00,-1000,4767,16199,-31469
2018-11-01 22:05:00,-1000,3158,16246,-8818
2018-10-31 22:05:00,-15850,71999,53451,-22591
2018-10-30 22:05:00,-15805,79778,43309,-21307
2018-10-29 22:05:00,-15805,183678,43281,-21307
2018-10-28 22:05:00,-15805,246006,43281,-21307
2018-10-27 22:05:00,-15805,164824,46274,-21307
2018-10-26 22:05:00,-15805,24364,43407,-36307
2018-10-25 22:05:00,-15805,-31735,41336,-56307
2018-10-24 22:05:00,-15805,37160,46337,-51307
2018-10-23 22:05:00,-30805,76409,41361,-51307
2018-10-22 22:05:00,-45805,72027,47714,-61307
2018-10-21 22:05:00,-15805,7676,47715,-21307
2018-10-20 22:05:00,-15805,33318,47715,-21307
2018-10-19 22:05:00,-15805,36852,46330,-21307
2018-10-18 22:05:00,-60805,-44879,43381,-81307
2018-10-17 22:05:00,-30805,-49844,38238,-41807
2018-10-16 22:05:00,-30805,-28949,24366,-41807
2018-10-15 22:05:00,-15805,-13767,27241,-21807
2018-10-14 22:05:00,-15805,15116,21755,-21307
2018-10-13 22:05:00,-15805,159306,34225,-21307
2018-10-12 22:05:00,-15805,68350,46355,-21307
2018-10-11 22:05:00,-15805,77507,43379,-21807
2018-10-10 22:05:00,-30805,-115515,41394,-51807
2018-10-09 22:05:00,-15805,21354,29398,-54007
2018-10-08 22:05:00,-15805,-28742,44343,-19288
2018-10-07 22:05:00,-15805,-74298,44407,-20857
2018-10-06 22:05:00,-15805,-12298,44407,-20857
2018-10-05 22:05:00,-15805,19773,32343,-52149
2018-10-04 22:05:00,-45805,-83426,44343,-82149
2018-10-03 22:05:00,-50805,4740,94907,-37149
2018-10-02 22:05:00,-15805,-42537,94907,-15000
2018-10-01 22:05:00,-15805,28896,93939,0
2018-09-30 22:05:00,-20667,6488,73435,-33343
2018-09-29 22:05:00,-20667,7595,71484,-33333
2018-09-28 22:05:00,-50667,-11307,71484,-63333
2018-09-27 22:05:00,-96667,13726,53984,-83333
2018-09-26 22:05:00,-50667,-96615,66484,-73333
2018-09-25 22:05:00,-20667,-76239,91484,-33333
2018-09-24 22:05:00,-20667,-151826,103998,-33333
2018-09-23 22:05:00,-20667,-152602,78998,-33333
2018-09-22 22:05:00,-20667,-74198,78998,-33333
2018-09-21 22:05:00,-20667,-172038,79448,-33333
2018-09-20 22:05:00,-165686,-276252,71484,-113333
2018-09-19 22:05:00,-171731,-81743,71484,-93333
2018-09-18 22:05:00,-136661,-65477,71484,-88333
2018-09-17 22:05:00,-126731,-268006,54484,-73333
2018-09-16 22:05:00,-96731,-219781,54484,-33333
2018-09-15 22:05:00,-101762,-260058,54448,-73333
2018-09-14 22:05:00,-50731,-165151,59448,-104333
2018-09-13 22:05:00,-134907,-199963,59443,-73333
2018-09-12 22:05:00,-86167,-177855,43943,-33333
2018-09-11 22:05:00,-99388,-96714,34542,-95333
2018-09-10 22:05:00,-21237,-99867,37307,-33333
2018-09-09 22:05:00,-21173,-21572,37307,-33333
2018-09-08 22:05:00,-21173,2063,37307,-33333
2018-09-07 22:05:00,-90988,-28144,46468,-43333
2018-09-06 22:05:00,-171631,-85332,46484,-139833
2018-09-05 22:05:00,-114888,-220711,46484,-135333
2018-09-04 22:05:00,-103867,-84393,47557,-78333
2018-09-03 22:05:00,-40667,84626,30000,0
2018-09-02 22:05:00,-20667,-102832,30000,0
2018-09-01 22:05:00,-20667,-102816,30000,0
2018-08-31 22:05:00,-7142,94968,-20560,0
2018-08-30 22:05:00,-37048,30023,-22925,-71000
2018-08-29 22:05:00,-82742,-12500,-22925,-60000
2018-08-28 22:05:00,-134243,-42745,-40120,-111000
2018-08-27 22:05:00,-47142,-57835,-20431,-122000
2018-08-26 22:05:00,-7143,37009,-25558,-62000
2018-08-25 22:05:00,-7143,121163,-25558,-62000
2018-08-24 22:05:00,0,32347,-10408,0
2018-08-23 22:05:00,-30000,-6679,-10456,-40000
2018-08-22 22:05:00,-40000,-19706,-10456,-93900
2018-08-21 22:05:00,-30000,-96332,-17940,-81000
2018-08-20 22:05:00,-61000,-123973,-28042,-40000
2018-08-19 22:05:00,-46000,-56428,-28042,-20000
2018-08-18 22:05:00,-31000,-55428,-28042,0
2018-08-17 22:05:00,-97606,-55427,-30591,-71000
2018-08-16 22:05:00,-131422,-101800,-50042,-91000
2018-08-15 22:05:00,-60000,-87956,-45042,-71000
2018-08-14 22:05:00,-30000,-102626,-53909,-30000
2018-08-13 22:05:00,0,-101641,-57542,0
2018-08-12 22:05:00,0,45644,-33042,0
2018-08-11 22:05:00,0,108487,-33042,0
2018-08-10 22:05:00,-15000,-110460,-50042,-20000
2018-08-09 22:05:00,-40000,-153343,92632,-40000
2018-08-08 22:05:00,-35000,-131549,61482,-30000
2018-08-07 22:05:00,-30000,-103645,-22892,-60000
2018-08-06 22:05:00,-45170,-297092,-33042,-40000
2018-08-05 22:05:00,-10204,-86396,-33042,0
2018-08-04 22:05:00,0,-86396,-33042,0
2018-08-03 22:05:00,-15000,-53257,-33042,-15000
2018-08-02 22:05:00,-30000,-21376,-50042,-40000
2018-08-01 22:05:00,0,-49196,-49943,0
2018-07-31 22:05:00,-10,46408,-25448,0
2018-07-30 22:05:00,-45,162464,-13693,0
2018-07-29 22:05:00,-15045,86716,-13693,-20000
2018-07-28 22:05:00,-45045,593,-13693,-45000
2018-07-27 22:05:00,-30045,-103294,-25693,-60000
2018-07-26 22:05:00,-40045,-94586,-71233,-60000
2018-07-25 22:05:00,-30045,-89613,-59197,-40000
2018-07-24 22:05:00,-35,1578,-13693,0
2018-07-23 22:05:00,-35,52235,-88733,0
2018-07-22 22:05:00,-35,-50584,-25693,0
2018-07-21 22:05:00,-30035,40568,-25693,-40000
2018-07-20 22:05:00,-60035,-56998,-105233,-80000
2018-07-19 22:05:00,-45035,-96412,-103733,-60000
2018-07-18 22:05:00,-45035,-128165,-89774,-60000
2018-07-17 22:05:00,-70035,-206664,-102233,-80000
2018-07-16 22:05:00,-60035,-130568,-85054,-80000
2018-07-15 22:05:00,-60035,-104412,-89233,-80000
2018-07-14 22:05:00,-60035,-123963,-89233,-60000
2018-07-13 22:05:00,-65035,-34382,-102233,-100000
2018-07-12 22:05:00,-45035,-113412,-99486,-60000
2018-07-11 22:05:00,-40035,-143230,-88299,-40000
2018-07-10 22:05:00,-30035,-124643,-13693,-40000
2018-07-09 22:05:00,-30035,-116492,-59328,-40000
2018-07-08 22:05:00,-35,1588,-57294,0
2018-07-07 22:05:00,-35,3588,-57294,0
2018-07-06 22:05:00,-40035,46041,-83233,-40000
2018-07-05 22:05:00,-35035,9090,-8083,-50000
2018-07-04 22:05:00,-35000,-23376,-8083,-50000
2018-07-03 22:05:00,-35000,-109412,-13083,-50000
2018-07-02 22:05:00,-45035,-165782,-18233,-60000
2018-07-01 22:05:00,-45035,-58322,0,-80000
2018-06-30 22:05:00,-57834,197521,9670,-57200
2018-06-29 22:05:00,-27834,166099,9732,-17200
2018-06-28 22:05:00,-57834,-11423,178080,-57200
2018-06-27 22:05:00,-27834,-7413,142135,-17200
2018-06-26 22:05:00,-27834,-95900,127454,-17200
2018-06-25 22:05:00,-67834,-37865,92796,-44000
2018-06-24 22:05:00,-27834,-21761,92796,-4000
2018-06-23 22:05:00,-27834,53605,92796,-4000
2018-06-22 22:05:00,-27834,-39663,35165,-17200
2018-06-21 22:05:00,-92834,-101705,-14886,-117200
2018-06-20 22:05:00,-112834,24982,402,-117200
2018-06-19 22:05:00,-121334,-61370,39804,-144200
2018-06-18 22:05:00,-87834,-208314,75214,-97200
2018-06-17 22:05:00,-57834,11245,39804,-57200
2018-06-16 22:05:00,-87834,22463,39804,-77200
2018-06-15 22:05:00,-121334,19247,-60736,-144200
2018-06-14 22:05:00,-72834,37597,-54736,-62200
2018-06-13 22:05:00,-52834,50464,-196,-42200
2018-06-12 22:05:00,-27834,15630,37305,-4000
2018-06-11 22:05:00,-52834,49694,-37381,-29000
2018-06-10 22:05:00,-27834,53816,-1593,-17200
2018-06-09 22:05:00,-27834,55316,-1593,-17200
2018-06-08 22:05:00,-27834,-22130,4391,-4000
2018-06-07 22:05:00,-27834,67691,-19736,-4000
2018-06-06 22:05:00,-27834,43000,-26236,-4000
2018-06-05 22:05:00,-27834,-111246,20787,-4000
2018-06-04 22:05:00,-27834,-181490,-35591,-4000
2018-06-03 22:05:00,-27834,-125720,0,-4000
2018-06-02 22:05:00,-27834,24288,0,-4000
2018-06-01 22:05:00,-67834,13092,0,-44000
2018-05-31 22:05:00,-7925,-32649,22245,-1985
2018-05-30 22:05:00,-7920,-6912,-170,-1935
2018-05-29 22:05:00,-7920,-4326,125381,-1935
2018-05-28 22:05:00,-7920,84587,125381,-1935
2018-05-27 22:05:00,-7920,83443,125381,-1935
2018-05-26 22:05:00,-7920,133127,125381,-1935
2018-05-25 22:05:00,-7920,35815,23134,-1935
2018-05-24 22:05:00,-7920,-85009,-187,-1935
2018-05-23 22:05:00,-7920,-211789,112406,-1935
2018-05-22 22:05:00,-7920,37906,60660,-1935
2018-05-21 22:05:00,-7920,73420,93596,-1935
2018-05-20 22:05:00,-7920,117424,22860,-1935
2018-05-19 22:05:00,-7920,135385,22860,-1935
2018-05-18 22:05:00,-7920,78353,59412,-1935
2018-05-17 22:05:00,-7920,104303,23152,-1935
2018-05-16 22:05:00,-12920,4303,21274,-1935
2018-05-15 22:05:00,-7920,26532,18003,-1935
2018-05-14 22:05:00,-7920,138330,57280,-1935
2018-05-13 22:05:00,-7920,164694,22343,-1935
2018-05-12 22:05:00,-7920,125812,22343,-1935
2018-05-11 22:05:00,-7920,55154,23152,-1935
2018-05-10 22:05:00,-7920,108181,23152,-1935
2018-05-09 22:05:00,-7920,-20770,23152,-1935
2018-05-08 22:05:00,-7920,33765,23152,-1935
2018-05-07 22:05:00,-7920,-54620,-30239,-1935
2018-05-06 22:05:00,-7920,112960,13001,-1935
2018-05-05 22:05:00,-7920,113994,13001,-1935
2018-05-04 22:05:00,-7920,116718,23152,-1935
2018-05-03 22:05:00,-7920,139603,-152,-1935
2018-05-02 22:05:00,-7920,102871,-152,-1935
2018-05-01 22:05:00,-7920,57463,-2061,-1935
2018-04-30 22:05:00,0,-23816,-813,0
2018-04-29 22:05:00,0,65817,-19073,0
2018-04-28 22:05:00,0,143496,-19073,0
2018-04-27 22:05:00,0,94023,-973,0
2018-04-26 22:05:00,0,75947,-14928,0
2018-04-25 22:05:00,0,100148,-29172,0
2018-04-24 22:05:00,0,-8600,-964,0
2018-04-23 22:05:00,0,-7052,34,0
2018-04-22 22:05:00,0,48094,34,0
2018-04-21 22:05:00,0,79386,34,0
2018-04-20 22:05:00,0,69284,34,0
2018-04-19 22:05:00,0,-65,-39912,-51000
2018-04-18 22:05:00,0,112173,-38112,0
2018-04-17 22:05:00,0,196148,-61912,-50000
2018-04-16 22:05:00,0,95680,-26912,0
2018-04-15 22:05:00,0,90493,-26912,0
2018-04-14 22:05:00,0,-172407,-26912,0
2018-04-13 22:05:00,0,83408,-16912,0
2018-04-12 22:05:00,0,131255,-19172,0
2018-04-11 22:05:00,0,-29457,-41912,0
2018-04-10 22:05:00,0,-58773,-26928,0
2018-04-09 22:05:00,-40000,-82304,-30132,-50000
2018-04-08 22:05:00,-40000,-48148,-60632,-50000
2018-04-07 22:05:00,-20000,-47182,-60632,-30000
2018-04-06 22:05:00,-40000,-30159,-29172,-50000
2018-04-05 22:05:00,-40000,-27008,-29172,-50000
2018-04-04 22:05:00,-40000,-67362,-61878,-50000
2018-04-03 22:05:00,-40000,-57397,-37412,-50000
2018-04-02 22:05:00,0,71266,-7985,0
2018-04-12 10:58:00,0,52888,-5437,0
2018-04-12 10:57:00,-12574,36761,-35271,-3040
2018-04-12 10:56:00,-12081,-15667,-35190,-3032
2018-03-28 22:05:00,-25081,797,-25266,-23032
2018-03-27 22:05:00,-44081,-132476,-40211,-43032
2018-03-26 22:05:00,-42581,-107142,-37618,-43032
2018-03-25 22:05:00,-2581,-46246,-37618,-3032
2018-03-24 22:05:00,-2581,9771,-37618,-3032
2018-03-23 22:05:00,-2581,10084,-29536,-3032
2018-03-22 22:05:00,-27581,-5294,-29511,-23032
2018-03-21 22:05:00,-52581,-36228,-29511,-53032
2018-03-20 22:05:00,-12581,-91409,-39588,-3032
2018-03-19 22:05:00,-6581,-202839,-26114,-3032
2018-03-18 22:05:00,-2581,-20731,-26114,-3032
2018-03-17 22:05:00,-2581,107865,-26114,-3032
2018-03-16 22:05:00,-2581,44358,-32190,-3032
2018-03-15 22:05:00,-23581,68536,-30290,-23032
2018-03-14 22:05:00,-50581,21961,-34290,-53032
2018-03-13 22:05:00,-52581,37962,-34830,-53032
2018-03-12 22:05:00,-42581,23938,-10908,-33032
2018-03-11 22:05:00,-10581,25992,-10908,-3032
2018-03-10 22:05:00,-2581,129144,-10908,-3032
2018-03-09 22:05:00,-45581,39409,-24356,-43032
2018-03-08 22:05:00,-52581,-30471,-35574,-43032
2018-03-07 22:05:00,-52581,22223,-36658,-43032
2018-03-06 22:05:00,-31581,19227,-37626,-28032
2018-03-05 22:05:00,-2581,12326,-38595,-3032
2018-03-04 22:05:00,-2581,8489,-38595,-3032
2018-03-03 22:05:00,-37581,3343,-38595,-38032
2018-03-02 22:05:00,-32581,-20491,-39525,-33032
2018-03-01 22:05:00,-2581,28940,-38646,-3032
2018-02-28 22:05:00,0,-44384,-42649,-16259
2018-02-27 22:05:00,-25000,54018,-40488,-41255
2018-02-26 22:05:00,0,-7944,-43288,-16255
2018-02-25 22:05:00,0,14899,-43288,-16255
2018-02-24 22:05:00,0,16615,-43288,-16255
2018-02-23 22:05:00,0,6755,-29521,-16255
2018-02-22 22:05:00,-6000,-42546,-28624,-16255
2018-02-21 22:05:00,-7000,-28716,-44001,-16255
2018-02-20 22:05:00,-7000,-32344,-46681,-16255
2018-02-19 22:05:00,-8000,-9398,-43623,-16255
2018-02-18 22:05:00,-9000,4560,-43623,-16255
2018-02-17 22:05:00,-10000,4560,-43623,-16255
2018-02-16 22:05:00,-10000,17620,-43623,-16255
2018-02-15 22:05:00,-10000,-48954,-47038,-16255
2018-02-14 22:05:00,-10000,-14666,-52019,-16255
2018-02-13 22:05:00,-20000,-112053,-34746,-16255
2018-02-12 22:05:00,-35000,-123841,-48056,-71255
2018-02-11 22:05:00,-10000,-75086,-48056,-46255
2018-02-10 22:05:00,-7000,-64386,-48056,-46255
2018-02-09 22:05:00,-20000,-37614,-57084,-46255
2018-02-08 22:05:00,-60000,-117471,-51266,-86255
2018-02-07 22:05:00,-45000,-345,-53623,-71255
2018-02-06 22:05:00,-43254,15555,-54949,-46255
2018-02-05 22:05:00,-45000,45329,-57629,-71255
2018-02-04 22:05:00,-20000,40329,-57629,-46255
2018-02-03 22:05:00,-20000,40329,-57629,-46255
2018-02-02 22:05:00,-97500,-42103,-54681,-96255
2018-02-01 22:05:00,-20000,8348,-54692,-46255
2018-01-31 22:05:00,-89776,-5167,-62474,-106392
2018-01-30 22:05:00,-74774,-126944,-56903,-106392
2018-01-29 22:05:00,-39774,40234,-60704,-81392
2018-01-28 22:05:00,-39774,127561,-67883,-81392
2018-01-27 22:05:00,-39774,127559,-67883,-81392
2018-01-26 22:05:00,-79774,108761,-59724,-121392
2018-01-25 22:05:00,-84774,186480,-49746,-121392
2018-01-24 22:05:00,-79774,175614,-67227,-121392
2018-01-23 22:05:00,-39774,55447,-77161,-81392
2018-01-22 22:05:00,-49774,35437,-67241,-81392
2018-01-21 22:05:00,-49774,11630,-67241,-81392
2018-01-20 22:05:00,-49774,25728,-67241,-81392
2018-01-19 22:05:00,-102274,-253099,-67211,-81392
2018-01-18 22:05:00,-222274,-574125,-36181,-131392
2018-01-17 22:05:00,-221751,-767656,-74696,-131392
2018-01-16 22:05:00,-202421,-129109,-79723,-131392
2018-01-15 22:05:00,-162925,-114307,-79723,-131392
2018-01-14 22:05:00,-162925,-117044,-79723,-141392
2018-01-13 22:05:00,-162925,-109670,-79723,-141392
2018-01-12 22:05:00,-124774,79083,-85541,-111392
2018-01-11 22:05:00,-57274,150056,-94664,-81392
2018-01-10 22:05:00,-64774,171241,-102221,-81392
2018-01-09 22:05:00,-64774,160856,-96305,-81392
2018-01-08 22:05:00,-127274,103760,-82139,-106392
2018-01-07 22:05:00,-121830,-217002,-82139,-111392
2018-01-06 22:05:00,-149774,-126231,-82139,-121392
2018-01-05 22:05:00,-214608,-478120,-114629,-160792
2018-01-04 22:05:00,-254460,-572482,-114637,-171392
2018-01-03 22:05:00,-254774,-732800,-114585,-174392
2018-01-02 22:05:00,-211858,-961279,-114527,-191391
2018-01-01 22:05:00,-221858,-756828,0,-201391
2017-12-31 22:05:00,-159708,-245727,-70318,-102440
2017-12-30 22:05:00,-149680,-195741,-111511,-102440
2017-12-29 22:05:00,-129680,-279254,-111511,-92440
2017-12-28 22:05:00,-125160,-161991,-111511,-52440
2017-12-27 22:05:00,-84360,-129350,-111511,-42440
2017-12-26 22:05:00,-80160,-60366,-160730,-62440
2017-12-25 22:05:00,-20160,-40345,-160730,-2440
2017-12-24 22:05:00,-20160,-54505,-160730,-2440
2017-12-23 22:05:00,-20160,-84867,-160730,-2440
2017-12-22 22:05:00,-20160,35283,-111511,-2440
2017-12-21 22:05:00,-20160,-7952,-111511,-2440
2017-12-20 22:05:00,-60160,30454,-111511,-2440
2017-12-19 22:05:00,-30160,1345,-111511,-2440
2017-12-18 22:05:00,-20160,-43598,-111511,-2440
2017-12-17 22:05:00,-20160,40910,-111511,-2440
2017-12-16 22:05:00,-20160,40917,-111511,-2440
2017-12-15 22:05:00,-60160,-16651,-105420,-42440
2017-12-14 22:05:00,-70160,8154,-111511,-22440
2017-12-13 22:05:00,-100160,-30116,-105420,-28440
2017-12-12 22:05:00,-70160,32292,-111511,-2440
2017-12-11 22:05:00,-100160,-95826,-134410,-32440
2017-12-10 22:05:00,-130160,-112661,-134410,-62440
2017-12-09 22:05:00,-95160,-32368,-134410,-27440
2017-12-08 22:05:00,-60160,-86630,-105420,-27440
2017-12-07 22:05:00,-67360,16858,-123884,-22440
2017-12-06 22:05:00,-20160,31820,-450,-2440
2017-12-05 22:05:00,-20160,99543,459,-2440
2017-12-04 22:05:00,-20160,62306,12136,-2440
2017-12-03 22:05:00,-20160,91207,11677,-2440
2017-12-02 22:05:00,-20160,58734,11677,-2440
2017-12-01 22:05:00,-20160,63113,0,-2440
2017-11-30 22:05:00,0,-35270,43142,0
2017-11-29 22:05:00,0,28886,42473,0
2017-11-28 22:05:00,0,44348,49600,0
2017-11-27 22:05:00,0,-111866,76040,0
2017-11-26 22:05:00,0,31436,76041,0
2017-11-25 22:05:00,0,31436,76041,0
2017-11-24 22:05:00,0,62463,76041,0
2017-11-23 22:05:00,0,33490,76041,0
2017-11-22 22:05:00,0,-21147,42879,0
2017-11-21 22:05:00,-45000,15792,44973,-45000
2017-11-20 22:05:00,-45000,45763,45786,-45000
2017-11-19 22:05:00,-25000,53563,45786,-25000
2017-11-18 22:05:00,0,78563,45786,0
2017-11-17 22:05:00,0,154230,47394,0
2017-11-16 22:05:00,0,100008,38882,0
2017-11-15 22:05:00,0,-3467,38882,0
2017-11-14 22:05:00,0,-98678,38882,0
2017-11-13 22:05:00,0,-61257,6529,0
2017-11-12 22:05:00,0,-3279,58424,0
2017-11-11 22:05:00,-30000,26721,58424,-30000
2017-11-10 22:05:00,-40000,-50149,38882,-40000
2017-11-09 22:05:00,-20000,-26924,-46140,-20000
2017-11-08 22:05:00,-25000,-17596,-8770,-25000
2017-11-07 22:05:00,-45000,-76011,-81609,-45000
2017-11-06 22:05:00,0,-157279,67163,0
2017-11-05 22:05:00,0,-55636,54907,0
2017-11-04 22:05:00,0,-55666,54907,0
2017-11-03 22:05:00,0,-229220,46383,0
2017-11-02 22:05:00,0,-246604,-25557,0
2017-11-01 22:05:00,0,-340663,60655,0
2017-10-31 22:05:00,-60000,227702,-187986,-60000
2017-10-30 22:05:00,-40000,227861,-83110,-40000
2017-10-29 22:05:00,-40000,228286,28467,-40000
2017-10-28 22:05:00,0,101236,28467,0
2017-10-27 22:05:00,0,102891,36805,0
2017-10-26 22:05:00,-39636,80177,-93873,-30000
2017-10-25 22:05:00,0,186179,29939,0
2017-10-24 22:05:00,0,97251,-43798,0
2017-10-23 22:05:00,0,72037,35140,0
2017-10-22 22:05:00,0,75804,68270,0
2017-10-21 22:05:00,0,189880,68270,0
2017-10-20 22:05:00,0,103090,34394,0
2017-10-19 22:05:00,0,84781,67202,0
2017-10-18 22:05:00,0,95989,42896,0
2017-10-17 22:05:00,0,-1887,45914,0
2017-10-16 22:05:00,0,-11105,70019,0
2017-10-15 22:05:00,0,-1184,70019,0
2017-10-14 22:05:00,0,-1184,70019,0
2017-10-13 22:05:00,0,30643,53809,0
2017-10-12 22:05:00,-28000,6088,-6933,0
2017-10-11 22:05:00,-40000,-87725,22382,-40000
2017-10-10 22:05:00,-60500,-212547,53734,-50000
2017-10-09 22:05:00,-45000,-321754,22948,-45000
2017-10-08 22:05:00,-40000,-197584,46156,-40000
2017-10-07 22:05:00,0,-110321,46156,0
2017-10-06 22:05:00,0,25268,46156,0
2017-10-05 22:05:00,0,101219,38963,0
2017-10-04 22:05:00,0,130445,72207,0
2017-10-03 22:05:00,0,64692,66827,0
2017-10-02 22:05:00,0,77724,74999,0
2017-10-01 22:05:00,0,90285,5000,0
